SET @OLD_UNIQUE_CHECKS=@@UNIQUE_CHECKS, UNIQUE_CHECKS=0;
SET @OLD_FOREIGN_KEY_CHECKS=@@FOREIGN_KEY_CHECKS, FOREIGN_KEY_CHECKS=0;
SET @OLD_SQL_MODE=@@SQL_MODE, SQL_MODE='TRADITIONAL,ALLOW_INVALID_DATES';

CREATE SCHEMA IF NOT EXISTS `mydb` ;
USE `mydb`;

 
INSERT INTO ShippingOption_T (ShippingID, ShippingVal, ShippingPrice) VALUES (1,  'Second Day Delivery',7.95);
INSERT INTO ShippingOption_T (ShippingID, ShippingVal, ShippingPrice) VALUES (2,  'Standard Delivery',14.95);
INSERT INTO ShippingOption_T (ShippingID, ShippingVal, ShippingPrice) VALUES (3,  'Next Day Delivery',24.95);

INSERT INTO Shipping_T (Shipping_TID,ShippingOption_T_ShippingID, OrderID, CustomerID, ShippingDate) VALUES (5,1,1000,100,'2015-01-17');
INSERT INTO Shipping_T (Shipping_TID,ShippingOption_T_ShippingID, OrderID, CustomerID, ShippingDate) VALUES (6,2,2000,101,'2015-02-24');
INSERT INTO Shipping_T (Shipping_TID,ShippingOption_T_ShippingID, OrderID, CustomerID, ShippingDate) VALUES (7,3,3000,102,'2015-03-31');
INSERT INTO Shipping_T (Shipping_TID,ShippingOption_T_ShippingID, OrderID, CustomerID, ShippingDate) VALUES (8,1,4000,103,'2015-01-17');
INSERT INTO Shipping_T (Shipping_TID,ShippingOption_T_ShippingID, OrderID, CustomerID, ShippingDate) VALUES (9,2,5000,104,'2015-04-15');
INSERT INTO Shipping_T (Shipping_TID,ShippingOption_T_ShippingID, OrderID, CustomerID, ShippingDate) VALUES (10,3,6000,105,'2015-01-19');
INSERT INTO Shipping_T (Shipping_TID,ShippingOption_T_ShippingID, OrderID, CustomerID, ShippingDate) VALUES (11,1,7000,106,'2015-05-01');
INSERT INTO Shipping_T (Shipping_TID,ShippingOption_T_ShippingID, OrderID, CustomerID, ShippingDate) VALUES (12,2,8000,107,'2015-04-30');
INSERT INTO Shipping_T (Shipping_TID,ShippingOption_T_ShippingID, OrderID, CustomerID, ShippingDate) VALUES (13,3,9000,108,'2015-03-28');
INSERT INTO Shipping_T (Shipping_TID,ShippingOption_T_ShippingID, OrderID, CustomerID, ShippingDate) VALUES (14,1,10000,109,'2015-03-20');
INSERT INTO Shipping_T (Shipping_TID,ShippingOption_T_ShippingID, OrderID, CustomerID, ShippingDate) VALUES (15,2,11000,110,'2015-02-09');
INSERT INTO Shipping_T (Shipping_TID,ShippingOption_T_ShippingID, OrderID, CustomerID, ShippingDate) VALUES (16,3,12000,111,'2015-02-19');
INSERT INTO Shipping_T (Shipping_TID,ShippingOption_T_ShippingID, OrderID, CustomerID, ShippingDate) VALUES (17,1,13000,112,'2015-04-18');
INSERT INTO Shipping_T (Shipping_TID,ShippingOption_T_ShippingID, OrderID, CustomerID, ShippingDate) VALUES (18,2,14000,113,'2015-03-19');
INSERT INTO Shipping_T (Shipping_TID,ShippingOption_T_ShippingID, OrderID, CustomerID, ShippingDate) VALUES (19,3,15000,114,'2015-02-17');
INSERT INTO Shipping_T (Shipping_TID,ShippingOption_T_ShippingID, OrderID, CustomerID, ShippingDate) VALUES (20,1,16000,115,'2015-05-07');
INSERT INTO Shipping_T (Shipping_TID,ShippingOption_T_ShippingID, OrderID, CustomerID, ShippingDate) VALUES (21,2,17000,116,'2015-03-15');
INSERT INTO Shipping_T (Shipping_TID,ShippingOption_T_ShippingID, OrderID, CustomerID, ShippingDate) VALUES (22,3,18000,117,'2015-03-01');
INSERT INTO Shipping_T (Shipping_TID,ShippingOption_T_ShippingID, OrderID, CustomerID, ShippingDate) VALUES (23,1,19000,118,'2015-04-01');
INSERT INTO Shipping_T (Shipping_TID,ShippingOption_T_ShippingID, OrderID, CustomerID, ShippingDate) VALUES (24,2,20000,119,'2015-04-02');
INSERT INTO Shipping_T (Shipping_TID,ShippingOption_T_ShippingID, OrderID, CustomerID, ShippingDate) VALUES (25,3,21000,120,'2015-03-01');
INSERT INTO Shipping_T (Shipping_TID,ShippingOption_T_ShippingID, OrderID, CustomerID, ShippingDate) VALUES (26,1,22000,121,'2015-03-19');
INSERT INTO Shipping_T (Shipping_TID,ShippingOption_T_ShippingID, OrderID, CustomerID, ShippingDate) VALUES (27,2,23000,122,'2015-04-09');
INSERT INTO Shipping_T (Shipping_TID,ShippingOption_T_ShippingID, OrderID, CustomerID, ShippingDate) VALUES (28,3,24000,123,'2015-03-04');
INSERT INTO Shipping_T (Shipping_TID,ShippingOption_T_ShippingID, OrderID, CustomerID, ShippingDate) VALUES (29,1,25000,124,'2015-02-26');
INSERT INTO Shipping_T (Shipping_TID,ShippingOption_T_ShippingID, OrderID, CustomerID, ShippingDate) VALUES (30,2,26000,125,'2015-01-28');
INSERT INTO Shipping_T (Shipping_TID,ShippingOption_T_ShippingID, OrderID, CustomerID, ShippingDate) VALUES (31,3,27000,100,'2015-03-13');
INSERT INTO Shipping_T (Shipping_TID,ShippingOption_T_ShippingID, OrderID, CustomerID, ShippingDate) VALUES (32,1,28000,101,'2015-01-29');
INSERT INTO Shipping_T (Shipping_TID,ShippingOption_T_ShippingID, OrderID, CustomerID, ShippingDate) VALUES (33,2,29000,102,'2015-02-06');
INSERT INTO Shipping_T (Shipping_TID,ShippingOption_T_ShippingID, OrderID, CustomerID, ShippingDate) VALUES (34,3,30000,103,'2015-02-13');
INSERT INTO Shipping_T (Shipping_TID,ShippingOption_T_ShippingID, OrderID, CustomerID, ShippingDate) VALUES (35,1,31000,104,'2015-02-16');
INSERT INTO Shipping_T (Shipping_TID,ShippingOption_T_ShippingID, OrderID, CustomerID, ShippingDate) VALUES (36,2,32000,105,'2015-01-29');
INSERT INTO Shipping_T (Shipping_TID,ShippingOption_T_ShippingID, OrderID, CustomerID, ShippingDate) VALUES (37,3,33000,106,'2015-04-20');
INSERT INTO Shipping_T (Shipping_TID,ShippingOption_T_ShippingID, OrderID, CustomerID, ShippingDate) VALUES (38,1,34000,107,'2015-04-03');
INSERT INTO Shipping_T (Shipping_TID,ShippingOption_T_ShippingID, OrderID, CustomerID, ShippingDate) VALUES (39,2,35000,108,'2015-04-26');
INSERT INTO Shipping_T (Shipping_TID,ShippingOption_T_ShippingID, OrderID, CustomerID, ShippingDate) VALUES (40,3,36000,109,'2015-01-25');
INSERT INTO Shipping_T (Shipping_TID,ShippingOption_T_ShippingID, OrderID, CustomerID, ShippingDate) VALUES (41,1,37000,110,'2015-04-30');
INSERT INTO Shipping_T (Shipping_TID,ShippingOption_T_ShippingID, OrderID, CustomerID, ShippingDate) VALUES (42,2,38000,111,'2015-02-28');
INSERT INTO Shipping_T (Shipping_TID,ShippingOption_T_ShippingID, OrderID, CustomerID, ShippingDate) VALUES (43,3,39000,112,'2015-02-25');
INSERT INTO Shipping_T (Shipping_TID,ShippingOption_T_ShippingID, OrderID, CustomerID, ShippingDate) VALUES (44,1,40000,113,'2015-01-30');
INSERT INTO Shipping_T (Shipping_TID,ShippingOption_T_ShippingID, OrderID, CustomerID, ShippingDate) VALUES (45,2,41000,114,'2015-04-21');

INSERT INTO Order_T (OrderID, ProductID, OrderDate, Quantity, OrderTotal, Customer_CustomerID, Shipping_T_Shipping_TID) VALUES (1000,200011,'2015-01-13',1,32.9,100,5);
INSERT INTO Order_T (OrderID, ProductID, OrderDate, Quantity, OrderTotal, Customer_CustomerID, Shipping_T_Shipping_TID) VALUES (2000,200016,'2015-02-22',2,74.85,101,6);
INSERT INTO Order_T (OrderID, ProductID, OrderDate, Quantity, OrderTotal, Customer_CustomerID, Shipping_T_Shipping_TID) VALUES (3000,200116,'2015-03-30',3,189.8,102,7);
INSERT INTO Order_T (OrderID, ProductID, OrderDate, Quantity, OrderTotal, Customer_CustomerID, Shipping_T_Shipping_TID) VALUES (4000,200212,'2015-01-13',4,87.75,103,8);
INSERT INTO Order_T (OrderID, ProductID, OrderDate, Quantity, OrderTotal, Customer_CustomerID, Shipping_T_Shipping_TID) VALUES (5000,200215,'2015-04-13',5,23.97,104,9);
INSERT INTO Order_T (OrderID, ProductID, OrderDate, Quantity, OrderTotal, Customer_CustomerID, Shipping_T_Shipping_TID) VALUES (6000,200224,'2015-01-18',1,47.9,105,10);
INSERT INTO Order_T (OrderID, ProductID, OrderDate, Quantity, OrderTotal, Customer_CustomerID, Shipping_T_Shipping_TID) VALUES (7000,200231,'2015-04-27',2,79.85,106,11);
INSERT INTO Order_T (OrderID, ProductID, OrderDate, Quantity, OrderTotal, Customer_CustomerID, Shipping_T_Shipping_TID) VALUES (8000,200242,'2015-04-28',3,83.8,107,12);
INSERT INTO Order_T (OrderID, ProductID, OrderDate, Quantity, OrderTotal, Customer_CustomerID, Shipping_T_Shipping_TID) VALUES (9000,200309,'2015-03-27',4,304.75,108,13);
INSERT INTO Order_T (OrderID, ProductID, OrderDate, Quantity, OrderTotal, Customer_CustomerID, Shipping_T_Shipping_TID) VALUES (10000,200321,'2015-03-16',2,79.85,109,14);
INSERT INTO Order_T (OrderID, ProductID, OrderDate, Quantity, OrderTotal, Customer_CustomerID, Shipping_T_Shipping_TID) VALUES (11000,200345,'2015-02-07',2,60.85,110,15);
INSERT INTO Order_T (OrderID, ProductID, OrderDate, Quantity, OrderTotal, Customer_CustomerID, Shipping_T_Shipping_TID) VALUES (12000,200352,'2015-02-18',1,69.9,111,16);
INSERT INTO Order_T (OrderID, ProductID, OrderDate, Quantity, OrderTotal, Customer_CustomerID, Shipping_T_Shipping_TID) VALUES (13000,200355,'2015-04-14',1,47.9,112,17);
INSERT INTO Order_T (OrderID, ProductID, OrderDate, Quantity, OrderTotal, Customer_CustomerID, Shipping_T_Shipping_TID) VALUES (14000,200356,'2015-03-17',3,134.8,113,18);
INSERT INTO Order_T (OrderID, ProductID, OrderDate, Quantity, OrderTotal, Customer_CustomerID, Shipping_T_Shipping_TID) VALUES (15000,200390,'2015-02-16',2,164.85,114,19);
INSERT INTO Order_T (OrderID, ProductID, OrderDate, Quantity, OrderTotal, Customer_CustomerID, Shipping_T_Shipping_TID) VALUES (16000,200403,'2015-03-05',1,30.9,115,20);
INSERT INTO Order_T (OrderID, ProductID, OrderDate, Quantity, OrderTotal, Customer_CustomerID, Shipping_T_Shipping_TID) VALUES (17000,200431,'2015-03-13',1,32.9,116,21);
INSERT INTO Order_T (OrderID, ProductID, OrderDate, Quantity, OrderTotal, Customer_CustomerID, Shipping_T_Shipping_TID) VALUES (18000,200435,'2015-02-28',2,94.85,117,22);
INSERT INTO Order_T (OrderID, ProductID, OrderDate, Quantity, OrderTotal, Customer_CustomerID, Shipping_T_Shipping_TID) VALUES (19000,200439,'2015-03-28',2,53.85,118,23);
INSERT INTO Order_T (OrderID, ProductID, OrderDate, Quantity, OrderTotal, Customer_CustomerID, Shipping_T_Shipping_TID) VALUES (20000,200445,'2015-03-31',2,104.85,119,24);
INSERT INTO Order_T (OrderID, ProductID, OrderDate, Quantity, OrderTotal, Customer_CustomerID, Shipping_T_Shipping_TID) VALUES (21000,200452,'2015-02-28',2,114.85,120,25);
INSERT INTO Order_T (OrderID, ProductID, OrderDate, Quantity, OrderTotal, Customer_CustomerID, Shipping_T_Shipping_TID) VALUES (22000,200511,'2015-03-15',1,37.9,121,26);
INSERT INTO Order_T (OrderID, ProductID, OrderDate, Quantity, OrderTotal, Customer_CustomerID, Shipping_T_Shipping_TID) VALUES (23000,200516,'2015-04-07',1,69.9,122,27);
INSERT INTO Order_T (OrderID, ProductID, OrderDate, Quantity, OrderTotal, Customer_CustomerID, Shipping_T_Shipping_TID) VALUES (24000,200534,'2015-03-03',2,94.85,123,28);
INSERT INTO Order_T (OrderID, ProductID, OrderDate, Quantity, OrderTotal, Customer_CustomerID, Shipping_T_Shipping_TID) VALUES (25000,200583,'2015-02-22',3,112.8,124,29);
INSERT INTO Order_T (OrderID, ProductID, OrderDate, Quantity, OrderTotal, Customer_CustomerID, Shipping_T_Shipping_TID) VALUES (26000,200683,'2015-01-26',4,154.75,125,30);
INSERT INTO Order_T (OrderID, ProductID, OrderDate, Quantity, OrderTotal, Customer_CustomerID, Shipping_T_Shipping_TID) VALUES (27000,200685,'2015-03-09',4,131.75,100,31);
INSERT INTO Order_T (OrderID, ProductID, OrderDate, Quantity, OrderTotal, Customer_CustomerID, Shipping_T_Shipping_TID) VALUES (28000,200739,'2015-01-27',3,74.8,101,32);
INSERT INTO Order_T (OrderID, ProductID, OrderDate, Quantity, OrderTotal, Customer_CustomerID, Shipping_T_Shipping_TID) VALUES (29000,200793,'2015-02-05',2,64.85,102,33);
INSERT INTO Order_T (OrderID, ProductID, OrderDate, Quantity, OrderTotal, Customer_CustomerID, Shipping_T_Shipping_TID) VALUES (30000,200823,'2015-02-09',2,67.85,103,34);
INSERT INTO Order_T (OrderID, ProductID, OrderDate, Quantity, OrderTotal, Customer_CustomerID, Shipping_T_Shipping_TID) VALUES (31000,200825,'2015-02-14',1,49.9,104,35);
INSERT INTO Order_T (OrderID, ProductID, OrderDate, Quantity, OrderTotal, Customer_CustomerID, Shipping_T_Shipping_TID) VALUES (32000,200832,'2015-01-28',3,114.8,105,36);
INSERT INTO Order_T (OrderID, ProductID, OrderDate, Quantity, OrderTotal, Customer_CustomerID, Shipping_T_Shipping_TID) VALUES (33000,200835,'2015-04-16',4,147.75,106,37);
INSERT INTO Order_T (OrderID, ProductID, OrderDate, Quantity, OrderTotal, Customer_CustomerID, Shipping_T_Shipping_TID) VALUES (34000,200862,'2015-04-01',5,139.7,107,38);
INSERT INTO Order_T (OrderID, ProductID, OrderDate, Quantity, OrderTotal, Customer_CustomerID, Shipping_T_Shipping_TID) VALUES (35000,200865,'2015-04-25',3,129.8,108,39);
INSERT INTO Order_T (OrderID, ProductID, OrderDate, Quantity, OrderTotal, Customer_CustomerID, Shipping_T_Shipping_TID) VALUES (36000,200902,'2015-01-21',2,47.85,109,40);
INSERT INTO Order_T (OrderID, ProductID, OrderDate, Quantity, OrderTotal, Customer_CustomerID, Shipping_T_Shipping_TID) VALUES (37000,200962,'2015-04-28',1,39.9,110,41);
INSERT INTO Order_T (OrderID, ProductID, OrderDate, Quantity, OrderTotal, Customer_CustomerID, Shipping_T_Shipping_TID) VALUES (38000,200985,'2015-02-27',5,179.70,111,42);


INSERT INTO Returns_T (ReturnID, Order_OrderID, ProductID, ShippingID, PaymentID, RecievedDate) VALUES (9001,6000,200224,3,805,'2015-01-30');
INSERT INTO Returns_T (ReturnID, Order_OrderID, ProductID, ShippingID, PaymentID, RecievedDate) VALUES (9002,7000,200231,1,806,'2015-05-15');
INSERT INTO Returns_T (ReturnID, Order_OrderID, ProductID, ShippingID, PaymentID, RecievedDate) VALUES (9003,8000,200242,2,807,'2015-05-20');
INSERT INTO Returns_T (ReturnID, Order_OrderID, ProductID, ShippingID, PaymentID, RecievedDate) VALUES (9004,9000,200309,3,808,'2015-04-10');

COMMIT;